query_name,database,count,mean,median,min,max,std,p99
q01_private_home_villa_weekend_long_calls.sql,ClickHouse,10,0.00667939530012515,0.006571425499942,0.0062961769999674,0.0073690730000635,0.000379133379964575,0.007361594000085451
q01_private_home_villa_weekend_long_calls.sql,PostgreSQL,10,0.008836337100046821,0.0088894170000912,0.0082453689997237,0.0094782650003253,0.000506200962971541,0.009473585000296185
q02_top_2_longest_calls_by_zip_group_and_day_type.sql,ClickHouse,10,0.01885749029997892,0.018845030499960502,0.0186654310000449,0.0191259289999834,0.0001298193216589919,0.01910938708999761
q02_top_2_longest_calls_by_zip_group_and_day_type.sql,PostgreSQL,10,0.11409413879996459,0.1141578785000092,0.1130748830000811,0.1149731759996939,0.0005913917149129985,0.11495795699971492
q03_monthly_duration_metric_with_top_borough.sql,ClickHouse,10,0.02265891119996007,0.01761249650007805,0.0166546489999745,0.0682177939997927,0.01601845083643394,0.06377756731981202
q03_monthly_duration_metric_with_top_borough.sql,PostgreSQL,10,0.12712398360017682,0.1270815160000893,0.1263597180000033,0.1291829090000646,0.0008151864096085828,0.12902047754008428
